{"method": "isotonic", "x": [0.0016976642906636826, 0.0016986929084661403, 0.0017473557474210707, 0.0024796338701985944, 0.0025366172285108076, 0.0032614919605172023, 0.0034740606031180383, 0.00397601642081355, 0.004585424736201581, 0.006218253054782393, 0.006370192031958804, 0.007499994267749403, 0.007670564313153534, 0.008526010271651084, 0.009480828917674806, 0.010576649059889314, 0.010942901814506297, 0.011645865613599309, 0.013619518689571938, 0.015403037161147205, 0.016477399350811637, 0.018360726969920124, 0.020759407028257473, 0.021676600211545386, 0.0363950403765278, 0.0379396610597321, 0.042817079273146465, 0.05174659246976828, 0.09500768850970012, 0.12195624722634706, 0.600875563508884, 0.6669069004961591, 0.9573003589772756, 0.9685361810438768, 0.968577321583943, 0.9691654172227092, 0.9778866070917039, 0.9809535572502452, 0.9852837874389061, 0.9861460240332177, 0.9876896852719076, 0.9899412429531329, 0.9901622371355738, 0.991622411351875, 0.9917238543955715, 0.9919627078359889, 0.9924310004467096, 0.9938635398991036, 0.9938649410343809, 0.994130767868586, 0.9943053348626844, 0.9967216720578237, 0.9972916117074098, 0.9979227148869558, 0.9981359568403779, 0.9981644864186404, 0.9985221138120925, 0.9985336984567095, 0.9986734956822536], "y": [0.0, 0.0, 0.0, 0.0, 0.0, 0.0, 0.0, 0.0, 0.0, 0.0, 0.0, 0.0, 0.0, 0.0, 0.0, 0.0, 0.0, 0.0, 0.0, 0.0, 0.0, 0.0, 0.0, 0.0, 0.0, 0.0, 0.0, 0.0, 0.0, 0.0, 1.0, 1.0, 1.0, 1.0, 1.0, 1.0, 1.0, 1.0, 1.0, 1.0, 1.0, 1.0, 1.0, 1.0, 1.0, 1.0, 1.0, 1.0, 1.0, 1.0, 1.0, 1.0, 1.0, 1.0, 1.0, 1.0, 1.0, 1.0, 1.0]}