{"method": "isotonic", "x": [0.0018233763328980852, 0.002268336641030157, 0.002872201526847383, 0.0030991880098377466, 0.0034220448551849987, 0.00391190428655473, 0.0041293686665207505, 0.004450428087145643, 0.00567987972122581, 0.006218253054782393, 0.006269873882890405, 0.009221109949138983, 0.009417351802191798, 0.010455064304716061, 0.010793962695345742, 0.011304349999526281, 0.013510843800338615, 0.015308080081685055, 0.01531636468947098, 0.018360726969920124, 0.018523620026382318, 0.01904662743959473, 0.02078490234340047, 0.021676600211545386, 0.0363950403765278, 0.0379396610597321, 0.042817079273146465, 0.05174659246976828, 0.09500768850970012, 0.12079107117386409, 0.600875563508884, 0.6669069004961591, 0.9572465192433376, 0.9685361810438768, 0.9691654172227092, 0.972552570621346, 0.9778866070917039, 0.9809535572502452, 0.9852871124292109, 0.9880254880591411, 0.9891399491975642, 0.9901622371355738, 0.9907153823917338, 0.991622411351875, 0.9919627078359889, 0.992999288993358, 0.9934634808711306, 0.9935604232985641, 0.9938649410343809, 0.994130767868586, 0.9948931751624973, 0.996375597325881, 0.9972916117074098, 0.9980811182483456, 0.998369740632446, 0.9984746493665655, 0.9985221138120925, 0.9985734041921018, 0.9985984251024678], "y": [0.0, 0.0, 0.0, 0.0, 0.0, 0.0, 0.0, 0.0, 0.0, 0.0, 0.0, 0.0, 0.0, 0.0, 0.0, 0.0, 0.0, 0.0, 0.0, 0.0, 0.0, 0.0, 0.0, 0.0, 0.0, 0.0, 0.0, 0.0, 0.0, 0.0, 1.0, 1.0, 1.0, 1.0, 1.0, 1.0, 1.0, 1.0, 1.0, 1.0, 1.0, 1.0, 1.0, 1.0, 1.0, 1.0, 1.0, 1.0, 1.0, 1.0, 1.0, 1.0, 1.0, 1.0, 1.0, 1.0, 1.0, 1.0, 1.0]}